,0,1,2,3,4
0,4.0,0.023390523194659438,0.26756952646184434,22.787084579467773,3.2685341835021973
1,12.0,0.5410248673519968,0.22060050993184713,26.422121047973633,17.779701232910156
2,0.0,0.5078922994998457,0.22839321576171445,24.081836700439453,16.483959197998047
3,1.0,-0.13027251872924148,-0.08941392587575024,0.5813727974891663,-19.563692092895508
4,0.0,-0.2576182247460553,0.021571989854175213,-10.459590911865234,-18.65057373046875
5,16.0,-0.23838645992897994,-0.0063106752019837,-9.367857933044434,-20.254316329956055
6,2.0,0.5035527830542946,0.2553552339879823,26.679861068725586,16.582693099975586
7,2.0,0.44398377400017836,0.153122768074399,22.83554458618164,16.922710418701172
8,0.0,0.22931919972667586,-0.2778378173533685,-0.603200376033783,17.37163543701172
9,0.0,0.521087326227624,0.21702477295073905,23.665937423706055,14.888434410095215
10,6.0,-0.018295362577671496,-0.14231740720404398,10.466581344604492,-10.88194465637207
11,0.0,0.5067570049192771,0.21512843471667753,22.377975463867188,13.153722763061523
12,0.0,0.33636527851552017,-0.061423485101817714,19.75347900390625,20.08308219909668
13,6.0,-0.020071100963595392,-0.15535167712270193,-10.623953819274902,7.207972526550293
14,0.0,-0.1922529893887988,-0.052270953267608486,-8.495304107666016,-20.16481590270996
15,20.0,0.3199969252029088,0.12301753912236511,22.18212890625,9.943113327026367
16,12.0,-0.06017930938888466,-0.085664884697563,-8.913915634155273,2.2265141010284424
17,20.0,0.29132288406442286,-0.1994008893076931,-7.120726585388184,16.62273406982422
18,20.0,-0.27349226129218934,0.04108699910730752,-4.247964382171631,-10.193340301513672
19,20.0,0.011947095999676482,-0.20160492330502416,0.9073240756988525,-17.54542350769043
20,6.0,0.17172931813692485,-0.2549337340001392,-3.1302859783172607,17.02698516845703
21,20.0,0.1229880572123405,-0.24659674456695313,8.19700813293457,-1.5768619775772095
22,8.0,-0.024355645993906487,-0.15117476589895643,12.238752365112305,-9.885042190551758
23,4.0,0.36883695048810233,0.2870715369254549,25.11387062072754,8.802350997924805
24,8.0,0.043889174070229374,0.3099321769988673,19.766023635864258,5.3123674392700195
25,4.0,0.4618934743136268,0.23411034625452934,22.217235565185547,11.469929695129395
26,14.0,0.25059703831860997,-0.26755779460889806,1.582985758781433,17.491619110107422
27,8.0,0.00871708291600045,-0.1561150934881385,10.064589500427246,-11.474687576293945
28,20.0,-0.29844137201504467,0.08534676475929924,-15.437310218811035,-6.643954753875732
29,12.0,0.09778108722841193,-0.22993668179797577,-12.63440227508545,14.715734481811523
30,4.0,0.14155957511274114,-0.24820422391480204,-5.874565601348877,15.788582801818848
31,20.0,-0.0008712521353170173,-0.1334036396152623,12.656335830688477,-12.945716857910156
32,12.0,0.11514283510978071,-0.2386757710934842,-12.198567390441895,10.633410453796387
33,12.0,0.07478742019010848,-0.22011437755346858,-10.512038230895996,9.96119499206543
34,0.0,0.20701095919751145,0.40593472960094484,17.19757843017578,8.734681129455566
35,4.0,0.07403487904483737,0.2979438388709685,22.63642692565918,3.4479784965515137
36,0.0,-0.027456534163930776,-0.14231672851802815,9.529685020446777,-10.959768295288086
37,4.0,-0.21675923299676642,0.01623001454041741,1.9303666353225708,-9.88815689086914
38,0.0,-0.24913549647712482,0.04043021664843684,1.9310503005981445,-9.309723854064941
39,0.0,0.38004590774880304,0.14272612029959403,23.076980590820312,18.791645050048828
40,8.0,-0.037626558042968924,-0.14837559595033956,11.502284049987793,-5.975409030914307
41,2.0,-0.15465192079733625,-0.025831292457888174,-18.166179656982422,-4.799528121948242
42,10.0,0.16195205731313908,-0.24532774576239366,-2.5591013431549072,13.605835914611816
43,0.0,0.11839878459054556,-0.2333147527019289,-6.677990913391113,12.649447441101074
44,4.0,-0.0527793544609453,0.13445965888833972,-11.644392967224121,-12.048425674438477
45,8.0,0.05416361027514965,0.12841060494093262,-2.247807502746582,0.16890287399291992
46,12.0,-0.05184010043669477,-0.13803020456005802,6.286466121673584,-8.560932159423828
47,20.0,0.49178169916630443,0.2457115928394498,24.48257827758789,15.417141914367676
48,0.0,0.19625448944377008,-0.2823851276811069,-7.935068607330322,14.52080249786377
49,4.0,0.46791780285838824,0.12594015899342823,23.59615707397461,17.30632972717285
50,4.0,-0.04580974744316302,-0.12671388940210493,11.103692054748535,-10.451557159423828
51,12.0,0.1462042378790789,-0.2335634420213529,-1.1798323392868042,13.762239456176758
52,0.0,0.04729794625847525,-0.1452126036745622,-3.2760415077209473,5.432308197021484
53,16.0,-0.17603947912914053,0.016896746553515602,-8.8679838180542,-1.079927682876587
54,0.0,-0.26419591152498445,0.03771246498255589,-4.464761734008789,-8.830918312072754
55,0.0,0.36282734259122523,0.28408007373240823,25.35114097595215,8.62315845489502
56,15.0,0.2417538574008039,-0.26311433942874246,0.9278533458709717,16.56746482849121
57,1.0,0.33094452167854754,0.2821238487733461,23.255184173583984,7.08173942565918
58,2.0,0.129925309519257,-0.24008458356290538,-10.22061538696289,15.98165225982666
59,4.0,0.23637623786258405,0.36182212106721345,21.93634033203125,6.299453258514404
60,0.0,-0.1715435435128067,-0.033308688523589744,2.7723329067230225,-11.11436653137207
61,0.0,-0.23432830619536796,0.0018956851100652666,3.3171279430389404,-11.972180366516113
62,20.0,0.4093439340397962,0.2595794906518669,19.504520416259766,11.38675308227539
63,10.0,-0.00012457908336936497,-0.16082827309711267,-8.028867721557617,7.370112895965576
64,0.0,0.46807505064587374,0.08202427918645938,27.44938850402832,19.1262149810791
65,0.0,0.04240667193101236,-0.17332720513814817,13.872349739074707,-11.430747032165527
66,8.0,0.5182836122267994,0.22994145234695337,25.863801956176758,17.337738037109375
67,4.0,0.16868096934578425,0.04091521169268454,14.66699504852295,11.6727933883667
68,2.0,0.057977292406625906,-0.1854687289285653,8.400874137878418,-4.78511381149292
69,16.0,0.3559537107093592,0.28922965421742675,19.138593673706055,10.828858375549316
70,0.0,0.10045373310743323,0.023383276603865473,9.493407249450684,-14.261852264404297
71,8.0,-0.05088919084745856,-0.14828744251908488,6.18731689453125,-15.984124183654785
72,8.0,0.024788087842815564,-0.17524416497803036,12.228086471557617,-11.17609691619873
73,12.0,0.25537534071589946,0.38385792396810486,16.911724090576172,8.749786376953125
74,8.0,0.09038629907888578,0.47502128843253205,26.111711502075195,5.7951436042785645
75,4.0,-0.31896584766397124,0.14026968949963461,-14.485047340393066,-7.20080041885376
76,16.0,0.027908324399463412,-0.1541576502247287,-4.446168422698975,6.7149810791015625
77,0.0,-0.11408395322210486,-0.09385325779952053,5.136700630187988,-16.901124954223633
78,0.0,-0.12083869379009819,-0.03901071255568627,-19.263290405273438,-4.372989654541016
79,0.0,-0.061950697698532856,-0.11066855606853042,13.408873558044434,-6.65102481842041
80,0.0,0.20979267795764264,-0.2896674602027117,-9.016079902648926,14.226712226867676
81,0.0,-0.20231516011859244,-0.029097420247050906,-6.858242034912109,-13.33716106414795
82,0.0,0.18305582346183838,-0.22751140305617612,0.9068236351013184,14.162956237792969
83,12.0,0.014126036830772546,-0.15921091614462093,-9.899846076965332,5.426321029663086
84,4.0,-0.03527941350117198,-0.1617172078050797,-14.365386962890625,8.658395767211914
85,4.0,-0.3313023937721884,0.06512981511431054,-10.312832832336426,-21.021902084350586
86,20.0,0.4433748977534714,0.2691089533598588,27.743955612182617,14.142345428466797
87,4.0,-0.2634084090623678,0.2787737424231104,-12.99120044708252,-17.868011474609375
88,6.0,-0.2333923475018441,0.01183920656264976,-1.579372763633728,-12.851308822631836
89,16.0,0.132102474521533,-0.19577951943752755,1.2463321685791016,13.422369956970215
90,0.0,-0.04469511981859396,-0.11871683494462089,5.340447425842285,-6.966633319854736
91,0.0,0.41589781728147535,0.12238694381786322,20.279321670532227,11.826411247253418
92,0.0,-0.09225949463457045,-0.06402085163956207,2.6782169342041016,-4.7169342041015625
93,18.0,0.13854688432159654,-0.25983019110987643,-9.748150825500488,13.277183532714844
94,12.0,-0.09693949893074089,-0.03568904537284446,-4.098532676696777,1.375489354133606
95,20.0,-0.059407167692343506,-0.13316199299621218,6.532496929168701,-13.365006446838379
96,20.0,0.23679829021998544,-0.2750483043493884,0.3301375210285187,17.2779483795166
97,4.0,-0.05351014767047604,-0.1141211809906574,8.382729530334473,-11.220998764038086
98,16.0,0.09324988571532478,-0.22219386205969083,-6.575700283050537,12.100186347961426
99,8.0,-0.054398712666980514,-0.13943146358462416,5.968249797821045,-13.931998252868652
100,0.0,0.08434018024814396,-0.2070254838374147,-4.447658061981201,14.440539360046387
101,1.0,0.24373603055809123,0.1896713798754234,18.161334991455078,16.672706604003906
102,16.0,0.13447254382282803,-0.223811338760633,-2.594038248062134,12.426658630371094
103,4.0,-0.16164211320577473,-0.025289019820316245,2.9282686710357666,-6.892645835876465
104,0.0,0.041590973040060514,0.11496515071732993,17.270462036132812,-7.918875217437744
105,2.0,0.2824618191546093,0.3753344577796911,16.171682357788086,8.916288375854492
106,8.0,0.13750868790098703,-0.23470029425872005,-1.8966939449310303,13.202991485595703
107,4.0,0.18736965592477658,-0.2818457363627465,-8.899518966674805,13.633975982666016
108,20.0,-0.06430111278418124,-0.1288726345848153,3.532904624938965,-14.566389083862305
109,1.0,0.36122626424263454,0.2960284525154762,26.38291358947754,9.504475593566895
110,8.0,0.06369074160620852,-0.19515817661341178,11.720870018005371,-12.045255661010742
111,4.0,-0.3194400615080121,0.10885806024825595,-15.854569435119629,-13.250592231750488
112,4.0,-0.007913290327175939,-0.09212821723769886,-3.082409381866455,3.072506904602051
113,20.0,0.5100462233157222,0.23984226553552407,27.76618766784668,16.801910400390625
114,4.0,0.298134377724239,0.22072757525404516,24.204910278320312,8.714132308959961
115,4.0,-0.016684398060167065,-0.16220010649409955,7.371300220489502,-13.905956268310547
116,12.0,0.2988088881755214,0.2122433251466702,18.218399047851562,10.507160186767578
117,8.0,0.5090095036471387,0.23565215272405277,23.874902725219727,15.85794448852539
118,20.0,0.37461868233185763,0.18430824497941173,20.859283447265625,14.40603256225586
119,12.0,0.12103975462378522,-0.20075662523746163,3.431959390640259,14.946623802185059
120,20.0,0.2514265411032271,0.16921397859101936,23.469194412231445,8.435386657714844
121,20.0,0.13865475935564445,-0.2606898174730746,-14.345696449279785,11.190815925598145
122,4.0,0.2931483338464235,-0.04908413517368709,19.542837142944336,20.06119728088379
123,4.0,-0.09150842797723058,-0.09070942302287739,13.51029109954834,-8.255375862121582
124,16.0,-0.1415376353140523,-0.06524373009113442,1.1354804039001465,-12.304014205932617
125,4.0,-0.04554516411600059,-0.14087066635284815,6.824742794036865,-13.132458686828613
126,20.0,-0.17019669486171204,-0.04819879062147269,4.009702682495117,-10.875877380371094
127,12.0,0.023836543164073434,-0.1528519511997706,14.803170204162598,-11.00158977508545
128,0.0,0.07053140468186431,-0.17817677484085342,15.826730728149414,-11.445802688598633
129,4.0,-0.04539453247369984,-0.09202650601781336,3.527411937713623,-4.176943778991699
130,8.0,-0.13767930389985444,-0.03399737483319569,2.7707393169403076,-6.35912561416626
131,4.0,-0.21730443404737948,-0.009430104649583444,-12.251583099365234,-13.266497611999512
132,20.0,-0.05716005174433667,-0.13253947480844167,10.769190788269043,-5.59992790222168
133,20.0,0.2716191034853589,0.26025967156687085,27.808122634887695,8.71042537689209
134,12.0,0.34199040369167144,0.29220581129280965,22.262300491333008,7.55841064453125
135,20.0,0.42809333746490225,0.30549286812327386,27.772794723510742,15.880692481994629
136,17.0,0.14828344284949288,0.050033521486693704,17.86859893798828,-7.946927547454834
137,16.0,0.2205507982920482,0.2941619132187002,27.86928367614746,8.510051727294922
138,20.0,-0.0128437378771806,-0.14519222238210394,13.673286437988281,-9.191638946533203
139,4.0,-0.09822424408788988,-0.11763236366088058,-1.8177119493484497,-18.415634155273438
140,12.0,0.07726445715952669,-0.08900505775013977,11.641321182250977,-9.34359359741211
141,12.0,0.15432765110865904,0.410881049251414,22.99334716796875,5.523738861083984
142,16.0,-0.032277319622356304,-0.12776305733824883,7.495117664337158,-9.431604385375977
143,20.0,0.07518746323908723,-0.20736342989842105,-5.0651726722717285,14.198033332824707
144,7.0,-0.32914437300018484,0.1007537429469462,-16.34527587890625,-14.982007026672363
145,14.0,-0.16457549095841417,-0.041797821186834755,13.11102294921875,-7.491428852081299
146,4.0,0.2621382628082633,0.3420251031891899,22.37836265563965,6.561185359954834
147,12.0,0.16737500338072814,-0.2752487337373342,-12.566560745239258,12.303317070007324
148,16.0,0.07234823225375182,-0.17618537833461512,15.05180835723877,-11.640780448913574
149,6.0,-0.3143612124417232,0.0591066476246219,-10.040432929992676,-16.462982177734375
150,8.0,0.4898138053481753,0.2132015566591764,21.351821899414062,11.78699779510498
151,20.0,0.01440002583535528,-0.17827824391839864,12.11276626586914,-10.109895706176758
152,12.0,0.49412714858206425,0.25436509327064627,25.424362182617188,16.001075744628906
153,20.0,0.12170745954292482,-0.21024222840488901,-3.8907904624938965,10.786230087280273
154,20.0,-0.5136813146386026,0.28088981123275575,-18.802453994750977,-19.848617553710938
155,6.0,0.5477528180185841,0.22297071836266408,28.2236270904541,18.32786750793457
156,12.0,0.2509984188148689,-0.2853140241121022,-0.7259048819541931,16.846601486206055
157,20.0,0.1852821286417306,-0.25392492348001766,-3.1417109966278076,13.933660507202148
158,10.0,0.5142644406488748,0.21608236310734447,23.02253532409668,14.008772850036621
159,20.0,0.17668752494360418,-0.25460955992581186,-4.619614601135254,12.958380699157715
160,4.0,-0.001137262878356632,-0.12701899468584119,-4.217959880828857,5.715974807739258
161,20.0,0.48044716396769743,0.21223618912527353,20.84053611755371,11.293179512023926
162,12.0,0.40012783512134364,-0.044103547772138096,20.895456314086914,19.235240936279297
163,20.0,0.24337939748112256,-0.2875388715273738,-1.5830402374267578,16.806875228881836
164,18.0,0.5463172279141585,0.22221775878505723,27.65110206604004,17.9899845123291
165,10.0,-0.031569982040621544,-0.03776510741126638,-2.2729036808013916,2.348331928253174
166,12.0,0.403675481210683,0.13968002001484467,21.092618942260742,12.550296783447266
167,2.0,0.4985956808103091,0.2141668873280688,21.937288284301758,12.452092170715332
168,12.0,-0.07970893656518745,-0.12348030913413816,0.9047495126724243,-14.735371589660645
169,10.0,-0.3292133691962853,0.08925347624876855,-13.690540313720703,-14.071417808532715
170,10.0,-0.1685526390314725,-0.0033404608416466772,-18.852359771728516,-5.075793743133545
171,12.0,0.21150916202872136,0.03307289002040301,17.412200927734375,12.523599624633789
172,20.0,0.44922802946504703,0.2093754937498817,20.118595123291016,10.59325122833252
173,12.0,-0.1244590804300926,0.1975241047213673,-9.817795753479004,-12.979463577270508
174,4.0,0.1678827994572797,-0.254659615492449,-6.004165172576904,13.079004287719727
175,4.0,-0.3356465978809727,0.2892269702389022,-15.546684265136719,-21.78182601928711
176,20.0,0.3902050252920921,0.1618829672346221,20.400625228881836,13.194231986999512
177,4.0,0.18560154877325274,-0.27832645520441107,-9.838058471679688,14.483559608459473
178,2.0,-0.2568876558920283,0.06270276840452,-3.3733417987823486,-5.036510944366455
179,8.0,-0.35774402022060686,0.09059875082271793,-11.552395820617676,-19.985950469970703
180,8.0,-0.42185398924272327,0.2076924327213218,-17.410947799682617,-16.126543045043945
181,12.0,0.010514961366259743,-0.14573844176111758,-4.12063455581665,7.864293575286865
182,20.0,-0.034599593441965525,-0.090724709067706,-6.542055130004883,2.126307964324951
183,12.0,-0.03423245185079386,-0.09562900367207562,-19.615943908691406,-3.60874605178833
184,16.0,0.1418642437394554,-0.2581757074493863,-12.323088645935059,11.55053997039795
185,16.0,-0.20726846684343117,-0.015574471913527694,3.0196714401245117,-11.779669761657715
186,20.0,-0.010335838160348281,-0.16093449844440827,-16.705110549926758,-0.9503377079963684
187,12.0,-0.07950037279215989,-0.030264207833679873,-5.408041000366211,1.4086216688156128
188,8.0,-0.02495771863006177,-0.130743204426682,7.8516058921813965,-6.892976760864258
189,0.0,0.054662434634729674,-0.21209151396740622,-12.893423080444336,9.630866050720215
190,8.0,-0.44264003730176665,0.21281657174026705,-15.305249214172363,-20.1092529296875
191,20.0,-0.2515462352072296,0.025177272988187397,-13.317523002624512,-13.150555610656738
192,8.0,-0.07709624297972885,-0.13822335099808453,0.2850445508956909,-17.243005752563477
193,16.0,-0.37267615022733264,0.11665581207615151,-12.102474212646484,-20.712364196777344
194,14.0,0.4150795825151827,0.30135106728722194,21.840898513793945,15.370392799377441
195,20.0,-0.2594504783515233,0.022411577409445844,-9.781177520751953,-15.135516166687012
196,20.0,-0.34271599202059483,0.1392627826624807,-1.4521126747131348,-7.894567489624023
197,4.0,-0.22551568112441692,0.05476201556790285,-2.3184804916381836,-4.517589569091797
198,4.0,-0.16027752454787259,-0.048405897664147844,4.300904273986816,-12.359376907348633
199,0.0,-0.08010039890607003,-0.06900319550032298,-9.758528709411621,1.0624582767486572
200,0.0,0.09532634005310565,-0.20692606941375755,8.6476411819458,-4.139854431152344
201,4.0,-0.31568907477076213,0.12250978514515344,-1.176917314529419,-8.32671070098877
202,20.0,0.0816303906631088,0.4391725350510805,21.3187313079834,4.726494312286377
203,0.0,0.10674288973041922,-0.23123372153747151,-12.199509620666504,15.19603157043457
204,16.0,0.16566225305471124,-0.19739626828378024,-7.945113658905029,12.310640335083008
205,6.0,-0.014074058559688294,-0.1445203016061144,-15.445934295654297,-0.9806589484214783
206,18.0,0.4766177831275676,0.26473141393937566,25.534515380859375,15.472517013549805
207,12.0,-0.14203954813948041,0.5627158520373092,-10.281905174255371,-10.077967643737793
208,6.0,-0.33122683697499233,0.11093451094728345,-4.348971843719482,-7.970530033111572
209,2.0,-0.3378715687284826,0.08010449314793247,-11.245023727416992,-16.600540161132812
210,0.0,-0.5094027366526791,0.2609283097634134,-19.35772132873535,-21.334604263305664
211,8.0,-0.2014620371707977,0.0037051673051768062,-2.126748561859131,-10.854372024536133
212,0.0,-0.07154461227879408,-0.13515144417227806,3.6743040084838867,-15.698576927185059
213,4.0,-0.2209147209212437,0.0027958730416441616,-16.079248428344727,-7.606281280517578
214,4.0,-0.16738582784814518,-0.0014540451537784433,0.5130871534347534,-5.47622013092041
215,12.0,-0.2338951893994668,0.06957582088586493,-0.6981244087219238,-5.231998920440674
216,20.0,0.11150632075994248,-0.21274054923146726,-3.528700590133667,11.487841606140137
217,20.0,0.038031964310200464,-0.11921089438303287,-1.6332448720932007,3.9953184127807617
218,16.0,-0.03747692679180928,-0.1225041418776342,-10.492985725402832,3.769679546356201
219,20.0,0.3616365886887786,0.1945886798477453,20.70013427734375,14.573147773742676
220,0.0,-0.07231581117454787,-0.11381249469272325,6.367931365966797,-7.542316436767578
221,2.0,-0.32809212797639165,0.08751690840837399,-13.106732368469238,-15.824118614196777
222,0.0,-0.41053628072009635,0.17574978734511967,-15.939589500427246,-19.760562896728516
223,0.0,-0.03092972833927721,-0.13000014311136682,-9.67604923248291,3.6971054077148438
224,10.0,-0.2957497587403026,0.08173546679403855,-5.367215156555176,-9.86263370513916
225,2.0,0.14362303380725502,0.2991027242060654,21.02879524230957,5.731122016906738
226,12.0,-0.32930479562365467,0.13079908392786074,-1.2757211923599243,-8.099977493286133
227,20.0,-0.07976816228586708,-0.13232884707201387,3.1592609882354736,-16.17792320251465
228,4.0,-0.3300883734086214,0.07828585204446023,-11.641637802124023,-15.996454238891602
229,20.0,-0.43120272295702816,0.18969854269923686,-21.594066619873047,-20.81318473815918
230,8.0,-0.19987705617096116,0.017354026165935496,-9.822482109069824,-1.7382407188415527
231,20.0,-0.2565859875093118,0.016863941026399966,-10.720061302185059,-15.093724250793457
232,8.0,-0.37881535028739627,0.11813285116260097,-12.609535217285156,-16.972408294677734
233,8.0,-0.3671579312991711,0.11457576639238819,-12.314811706542969,-20.180740356445312
234,4.0,-0.2094636786221352,-0.037328095728083883,-5.378929138183594,-16.533544540405273
235,8.0,0.18177452192270036,0.3952991966846099,21.336824417114258,5.338309288024902
236,8.0,-0.14231674690622506,-0.04001852283164242,1.8256055116653442,-1.9869697093963623
237,6.0,-0.2504192932877243,0.05599068437700202,-8.552844047546387,-2.7723679542541504
238,8.0,-0.1783437937240229,-0.01700951150077915,-15.95328426361084,-4.691961765289307
239,0.0,0.094772875140014,-0.021474767375756786,10.176977157592773,-8.880047798156738
240,4.0,0.039746713822679185,-0.2051120503933773,-10.97299861907959,9.209796905517578
241,5.0,-0.49353983491892245,0.24990781783818322,-19.429269790649414,-20.439607620239258
242,12.0,0.1718266672725184,-0.25137180467653053,-2.1104865074157715,15.914236068725586
243,0.0,-0.06285905592129379,-0.11441922019522816,6.966097354888916,-7.062008380889893
244,10.0,-0.11090258668951165,-0.10006310678912153,1.6654608249664307,-14.208959579467773
245,0.0,-0.2313135894924963,0.0431817503290609,-5.568640232086182,-7.241835117340088
246,0.0,-0.2370233043270895,0.026824897366886147,-3.920822858810425,-5.934994220733643
247,4.0,-0.3635576246491085,0.1375851326508076,-16.64101791381836,-15.329338073730469
248,4.0,-0.1755668020964109,0.024027716292759235,-3.988713502883911,-0.26379096508026123
249,4.0,-0.08162118805616722,-0.11276304930871844,5.741171360015869,-8.104353904724121
250,6.0,-0.06167224300727152,-0.043528673199417445,-6.292818069458008,1.089290738105774
251,12.0,-0.4174686637821312,0.17194017271888104,-14.962952613830566,-17.499542236328125
252,6.0,0.04686036120000283,-0.11780621803747919,-1.0813369750976562,3.9326395988464355
253,10.0,-0.08689971176162818,0.19793080269446975,-6.445350170135498,-4.675403118133545
254,20.0,-0.40007058919055294,0.16474287777890323,-22.1109619140625,-20.788034439086914
255,12.0,0.19447206680626206,-0.2788702059831559,-8.547767639160156,15.430278778076172
256,6.0,0.12572664321086263,-0.2612895760040696,-13.570890426635742,11.072514533996582
257,16.0,-0.14548798172744956,-0.010535279984796898,-8.611588478088379,0.26639223098754883
258,4.0,0.5440721314637694,0.22142649749550203,27.149587631225586,17.672447204589844
259,2.0,-0.06829766677375683,-0.08319544037600503,-9.412574768066406,2.292126417160034
260,0.0,-0.1317744778147372,-0.058947193586654664,-17.499021530151367,-4.316251754760742
261,0.0,-0.2567487486321715,0.0339466966633889,-16.109146118164062,-6.985108852386475
262,16.0,0.25390888923830895,-0.004967119782346327,14.326014518737793,13.190494537353516
263,20.0,-0.4116510180134967,0.18780227952139403,-14.304429054260254,-21.400053024291992
264,20.0,-0.4879670554909418,0.24843313540002854,-19.527639389038086,-19.711633682250977
265,10.0,-0.052477919011447736,-0.10848241127922888,-11.462451934814453,2.156525135040283
266,0.0,-0.45381112960849707,0.21134503479138295,-16.24360466003418,-20.6331787109375
267,5.0,-0.05709400209075473,-0.14238950644402187,5.783102035522461,-14.528825759887695
268,6.0,-0.3023952391601099,0.10947439112780873,-1.6429044008255005,-9.047709465026855
269,0.0,-0.1352721457513306,-0.058008003728617696,-16.855070114135742,-4.076169967651367
270,0.0,0.0008079422119490263,-0.15899861423843062,-16.035287857055664,-0.9382683634757996
271,8.0,0.43375147658627555,0.29004459237666086,21.7884521484375,15.75784969329834
272,6.0,0.43088861037951376,0.10325913509972662,23.83846092224121,18.77413558959961
273,10.0,0.000389663713108703,-0.16688647538377852,7.437357425689697,-8.309369087219238
274,4.0,-0.29677612536949094,0.04050232384378723,-8.542737007141113,-16.36318588256836
275,7.0,-0.08004695148038585,0.07489633196388727,-4.53098201751709,-16.199359893798828
276,2.0,0.20170165445668853,-0.25066585335383146,-0.2592170238494873,15.222667694091797
277,16.0,0.14571859194673867,-0.21432495024275186,2.2465384006500244,15.65491008758545
278,8.0,0.04734408147601145,-0.08602704882414536,16.416353225708008,-10.030597686767578
279,20.0,-0.2947258931299764,0.04991215181382947,-11.78880500793457,-14.925570487976074
280,20.0,-0.06212368925014844,-0.031158030797885487,-3.537289619445801,2.154728651046753
281,12.0,-0.19249859847876183,-0.019345286864986017,0.6063467264175415,-11.51642894744873
282,6.0,-0.10680247761141416,-0.05711917344552667,-9.33798599243164,0.9246957302093506
283,0.0,0.11231310940562517,-0.20460080437519124,2.6498799324035645,14.996750831604004
284,0.0,-0.0747820981533559,-0.09655977107937302,-18.277868270874023,-3.399052143096924
285,16.0,0.0175628858511928,-0.16337780634604807,-19.143306732177734,-2.270805835723877
286,20.0,0.015894609803547104,-0.17785369467781142,-12.163162231445312,6.939914226531982
287,2.0,-0.25197373459197986,0.07154388749232171,-1.4636441469192505,-5.725277423858643
288,12.0,-0.09633092823892891,0.14482331613524022,-6.345771789550781,-4.608652591705322
289,16.0,-0.4391993160750022,0.17404234672895377,-18.67821502685547,-23.247209548950195
290,0.0,0.17507671451203777,-0.22988602072840253,0.04831141233444214,14.155488967895508
291,8.0,0.47403522375691,0.1271724989318763,24.632944107055664,17.919282913208008
292,4.0,-0.1784427294563099,-0.01366551928051417,-2.5787880420684814,-10.816439628601074
293,12.0,-0.2842263931193357,0.08417947728512838,-4.250330924987793,-6.00919246673584
294,20.0,-0.21207181379752182,-0.014563991720432802,-12.960843086242676,-12.502963066101074
295,4.0,-0.23533192913933715,0.038469544681214954,-17.845563888549805,-5.864204406738281
296,8.0,-0.10558167517813188,-0.060307306077810326,-8.823101997375488,1.4439138174057007
297,4.0,0.18408908082012598,-0.2768498786358274,-8.220725059509277,14.717246055603027
298,8.0,0.1127789172471687,-0.2101420409661465,-4.601922035217285,10.479581832885742
299,10.0,-0.3969755813622832,0.15609811248931985,-15.15393352508545,-15.383432388305664
300,0.0,-0.46093685946344914,0.2231813681584192,-17.079910278320312,-19.341611862182617
301,16.0,-0.251994462394019,0.014559949596071617,-9.412869453430176,-19.61586570739746
302,16.0,0.03395689137832201,-0.171735988352582,-5.373537540435791,7.541441440582275
303,12.0,0.4507112594648629,0.27472878357106456,24.871387481689453,14.702824592590332
304,10.0,0.05020129580787007,-0.19091271460290066,-11.8523530960083,6.308326721191406
305,8.0,0.4073089829297276,-0.04246192348196207,20.883087158203125,19.39082145690918
306,8.0,0.2945017018197308,0.3785143296328198,24.63046646118164,12.3776216506958
307,16.0,-0.30053043059944573,0.06459772811606779,-4.189137935638428,-8.968215942382812
308,12.0,0.11413963124647886,0.3134090371833734,20.35086441040039,5.537883758544922
309,0.0,0.06078551035541965,-0.1966810922609573,-11.031111717224121,5.8666791915893555
310,1.0,-0.052979735620952276,-0.07719127850199861,-5.243743896484375,2.408756971359253
311,0.0,-0.22818696883236436,-0.007131665785407223,-7.305383682250977,-15.778239250183105
312,12.0,0.2082753906100604,-0.25255982845811864,1.587331771850586,16.79906463623047
313,6.0,0.5325714075559438,0.21885927979811318,25.098142623901367,17.06624984741211
314,6.0,0.015978829285612086,-0.08202594255444405,15.607696533203125,-9.723991394042969
315,0.0,0.23407609029846987,0.24139943403058414,17.498035430908203,14.284649848937988
316,12.0,0.18191789243163328,-0.27236056883545295,-9.048516273498535,15.720296859741211
317,20.0,-0.05233344832610214,-0.10106222567330693,-5.295591831207275,5.557253837585449
318,0.0,-0.44696877728331036,0.19296068996261484,-17.167068481445312,-21.63079071044922
319,4.0,0.05912368780953108,-0.192955378299521,13.10245132446289,-11.070408821105957
320,20.0,0.057486869323146346,-0.21602176789075223,-11.449511528015137,8.909069061279297
321,0.0,-0.379330764473526,0.1612455449392728,-16.795459747314453,-17.519794464111328
322,8.0,0.18230946720680388,-0.28413493956760205,-13.426567077636719,11.911154747009277
323,16.0,-0.06728539566689395,-0.12118240703105829,5.715939998626709,-8.288350105285645
324,12.0,-0.2939584889290651,0.059766828380548614,-8.29334545135498,-14.898261070251465
325,10.0,-0.09754790358316587,-0.08695090262056124,-15.529372215270996,-2.160905122756958
326,12.0,-0.22254889520799057,-0.01505829088742951,-6.547039031982422,-16.134212493896484
327,8.0,0.19725571401610764,-0.26857722278111723,-2.3613407611846924,16.941503524780273
328,10.0,-0.2800031859956479,0.06628090777128477,-6.009209632873535,-8.97542953491211
329,0.0,0.0010596007725396249,-0.09177012793155306,-2.239980936050415,3.255544424057007
330,14.0,0.23496669498133033,0.1927296251993184,17.197072982788086,10.342585563659668
331,12.0,0.15468277864554325,-0.23182479328078295,1.0600465536117554,15.022027969360352
332,0.0,0.14572457220959467,-0.2568149296896731,-9.647976875305176,15.487449645996094
333,18.0,-0.08560996946050983,-0.0945732327546169,7.151843547821045,-10.074787139892578
334,0.0,-0.10771635317813408,-0.1159566668911838,1.9415704011917114,-18.726152420043945
335,4.0,-0.015179796178878456,-0.07897678293335003,-1.3953170776367188,3.1376094818115234
336,20.0,-0.1837709667660902,-0.02224089728778232,-1.7626885175704956,-11.562458992004395
337,16.0,0.20021172952498967,0.29780539470412004,17.920970916748047,15.84142017364502
338,12.0,-0.08181890667320073,0.09619108990859374,-0.5243152379989624,-11.588271141052246
339,4.0,0.05348361009260625,-0.2161224190704232,7.334895133972168,-15.371539115905762
340,0.0,-0.5266885311162981,0.2846466097419984,-18.978708267211914,-21.603811264038086
341,8.0,-0.1523159284945436,-0.0511158358260352,4.0561418533325195,-9.024568557739258
342,0.0,-0.11165668918175263,-0.11901483644884815,2.490107536315918,-17.99019432067871
343,16.0,0.1496107291128802,-0.2334359974432007,-4.235041618347168,11.95435905456543
344,14.0,0.3396282202068544,0.3585724662000472,25.180118560791016,12.581541061401367
345,12.0,-0.05600177260069871,-0.10254954050855092,14.732177734375,-9.679312705993652
346,12.0,-0.19419631267556414,0.0036297551875207924,-16.67704963684082,-5.200562000274658
347,0.0,-0.1669979000902184,0.013082809986712874,1.7124667167663574,-5.634129047393799
348,20.0,0.12598266738362054,-0.20841042560335873,0.17823845148086548,13.623380661010742
349,10.0,0.17706033885466751,-0.23883306902577767,-0.7170588970184326,15.143121719360352
350,1.0,0.11620431970072415,0.406257161662185,23.499300003051758,3.5558197498321533
351,6.0,-0.2716446476983076,0.06952074786021861,-2.318460702896118,-6.1341352462768555
352,16.0,0.3948984697987914,0.2929394736988495,19.85665512084961,12.833160400390625
353,0.0,0.514598638569418,0.23640959473571438,25.171052932739258,16.51557159423828
354,6.0,0.012426233347426596,-0.1117535951381108,7.600603103637695,-12.869453430175781
355,6.0,-0.06665758540930637,-0.10875359577719698,6.651923656463623,-10.63332462310791
356,4.0,0.011526537044215952,-0.1814227260661929,7.8059821128845215,-14.445122718811035
357,4.0,0.026627953723406848,-0.15989389768708606,-19.51966667175293,-2.526087760925293
358,4.0,0.16271727659683954,-0.00017096663648848975,10.038436889648438,-8.261054039001465
359,4.0,-0.41947804388015764,0.18693542130912993,-15.147324562072754,-19.354021072387695
360,6.0,-0.10391413732709646,-0.0928595504141051,5.296278953552246,-10.824386596679688
361,12.0,-0.29628083737627114,0.0703947714550911,-13.9968900680542,-12.175655364990234
362,10.0,-0.3199163579362529,0.08589086760794443,-13.331443786621094,-15.414490699768066
363,18.0,-0.19237845110253607,-0.049020923114427364,-6.080678939819336,-17.28893280029297
364,12.0,0.21862078617268577,-0.1799177244497892,-9.96947193145752,12.248518943786621
365,16.0,0.033923417261406436,-0.1831443102104618,-10.914880752563477,6.453752517700195
366,2.0,-0.2784595189100906,0.028496194788635625,-10.582313537597656,-20.238542556762695
367,4.0,-0.07272717484137085,-0.12654906889284487,2.9936742782592773,-15.079078674316406
368,0.0,-0.013601573855716672,-0.15750165609051,-7.894359111785889,7.618075370788574
369,6.0,0.48186248822626987,0.25310054875072996,22.959842681884766,15.414048194885254
370,4.0,-0.18439013361026285,-0.032084029817311364,-6.204488277435303,-12.860209465026855
371,0.0,-0.3467994327002761,0.1320909673428989,-16.84776496887207,-17.108592987060547
372,6.0,-0.08702467800930741,-0.09316894872904911,-16.53091049194336,-2.7586941719055176
373,4.0,0.1946186119553128,-0.26319444558900507,-3.4229111671447754,17.3858585357666
374,18.0,0.20841856149917082,0.15519213889629835,15.298787117004395,11.337505340576172
375,0.0,0.05633447967811373,-0.21570993726983256,-11.973699569702148,9.266070365905762
376,2.0,-0.15342733046404855,-0.0747444619853836,-3.8079116344451904,-16.076494216918945
377,4.0,0.06840875854263252,-0.19512005092190993,-10.084956169128418,6.231019496917725
378,0.0,0.1863405540967846,-0.2645423790747358,-4.304827690124512,16.97040367126465
379,10.0,-0.013540201744739683,0.16726845850516325,-2.362259864807129,-0.059543073177337646
380,6.0,-0.003355892863516862,-0.15216170341610277,8.381803512573242,-9.672289848327637
381,16.0,-0.11143018417755234,-0.08098072625457528,12.76254940032959,-8.391860961914062
382,2.0,0.2669115637744446,0.04765982724146182,14.852409362792969,12.92686653137207
383,4.0,-0.4220215355211498,0.180016626257535,-14.80693531036377,-16.43024253845215
384,0.0,-0.13890762474246832,-0.08634288064236752,-5.2632317543029785,-17.3320255279541
385,8.0,0.39398797392996787,0.28424328132499194,23.15013313293457,9.19448471069336
386,0.0,-0.4663288454259464,0.23670043597612697,-19.413625717163086,-18.739187240600586
387,0.0,-0.305422788860156,0.05952872425680804,-10.478093147277832,-15.842166900634766
388,4.0,-0.4561757041295599,0.19873373819741247,-18.015811920166016,-20.89873695373535
389,4.0,-0.28844060535023147,0.0878999963003573,-16.5297908782959,-12.222392082214355
390,18.0,0.1380323510648045,-0.25581993313909346,-12.021066665649414,14.01878833770752
391,8.0,0.20492677133890666,-0.2822521503210709,-7.094747543334961,15.259048461914062
392,16.0,0.19404700063077165,0.2341254522365426,23.332805633544922,4.383012771606445
393,16.0,0.11431781030585879,-0.24708310759736882,-11.702919960021973,13.62923526763916
394,2.0,0.26498305610027034,-0.11330979617861602,-7.052237510681152,17.505041122436523
395,2.0,0.4825155704086841,0.12656201710413303,24.1904239654541,17.737024307250977
396,8.0,0.02594205435907667,-0.10244820791274398,-2.512819528579712,3.678697347640991
397,4.0,0.21107708015661403,-0.2727397131463801,-2.916938304901123,14.991642951965332
398,2.0,-0.04508864451223988,-0.13010577540387597,8.262897491455078,-8.768999099731445
399,5.0,0.1215925081518005,0.0612364215911646,17.966228485107422,-7.905517578125
400,4.0,-0.4377110465070392,0.20339275806950372,-17.266433715820312,-18.4625301361084
401,4.0,-0.18060115430773246,-0.023818846620954313,3.4527769088745117,-8.378570556640625
402,2.0,-0.3842367237368386,0.15479633261757553,-16.191524505615234,-18.48532485961914
403,0.0,-0.32055079580366685,0.09858241426695258,-6.444818019866943,-8.070598602294922
404,4.0,-0.4333790829519369,0.1962005846266665,-15.513134956359863,-20.67605972290039
405,10.0,-0.2145710209562199,-0.004149693603690181,-17.176130294799805,-8.640893936157227
406,4.0,-0.4861768388949647,0.2355443436949881,-20.156410217285156,-21.29678726196289
407,12.0,-0.048322163969976586,-0.1094448337610141,8.09118938446045,-10.324105262756348
408,20.0,-0.3959202330323521,0.1419938074603227,-12.78943157196045,-20.710647583007812
409,8.0,-0.07939829281375478,-0.08801773816713512,-5.3854546546936035,5.4244842529296875
410,8.0,-0.10386437196279844,-0.02051309151666705,-4.799957752227783,0.7862899303436279
411,2.0,-0.2894139042044756,0.031242210087937823,-7.759157180786133,-17.708772659301758
412,2.0,-0.4481148772655468,0.1909122795960065,-18.260162353515625,-23.314197540283203
413,12.0,-0.0822241518240899,-0.12462854883448854,-0.2076234370470047,-19.44945526123047
414,0.0,-0.2745916179263346,0.019367213611830962,-10.219841003417969,-19.738290786743164
415,8.0,-0.2145397718530731,-0.004473204270847615,-13.155232429504395,-12.473638534545898
416,8.0,-0.24468612137909906,0.007688083233379664,-7.386117935180664,-13.501818656921387
417,12.0,-0.1797731077788255,-0.03183905298510423,2.585484743118286,-11.6165189743042
418,6.0,-0.19879792379919586,0.01456944929795921,1.898386836051941,-8.928719520568848
419,4.0,-0.47467953979654065,0.24065100072933954,-16.971065521240234,-19.659780502319336
420,8.0,0.13405107820001952,-0.22765084781598355,-4.0551886558532715,15.434188842773438
421,6.0,-0.3749233624201471,0.12052890266942214,-11.775238990783691,-17.02670669555664
422,3.0,0.19393363888500154,-0.2736448466524377,-7.022211074829102,14.096413612365723
423,6.0,0.16114549435771586,-0.009432894317054014,17.503435134887695,-10.266342163085938
424,7.0,-0.22046554540012187,0.024652330937911995,-17.189327239990234,-5.899449348449707
425,10.0,0.17092402343258625,-0.26538198830857784,-7.459847450256348,13.734363555908203
426,7.0,0.11842587209454693,-0.25297314087459244,-12.054925918579102,12.713274955749512
427,4.0,0.5271978837484541,0.2179517274204043,24.36876678466797,16.23586654663086
428,4.0,0.2789720108002781,0.3577931714477558,17.099197387695312,9.292600631713867
429,12.0,-0.39590467108172656,0.14264791733643842,-13.72784423828125,-17.202518463134766
430,10.0,0.17877755475890278,-0.24225172627752106,0.21059107780456543,15.00965404510498
431,20.0,0.10840169103752961,-0.21095060959656844,-3.1396145820617676,12.72050952911377
432,8.0,-0.13626044022332995,0.3610403557463052,-9.50651741027832,-9.904166221618652
433,0.0,-0.060496257985861106,-0.14380222726624736,3.815385103225708,-16.816659927368164
434,12.0,-0.25209976945891927,0.07306224984037801,-10.286128044128418,-2.366987943649292
435,4.0,-0.33668340632504035,0.2823593012135649,-15.538424491882324,-22.206708908081055
436,0.0,0.3293234922535675,0.23185575157600224,20.441625595092773,15.957383155822754
437,8.0,-0.017758478521306416,-0.10046862195315186,-7.508253574371338,1.9667279720306396
438,12.0,-0.2667763469329901,0.06204128367662304,-5.693227291107178,-7.968461990356445
439,8.0,-0.1694851688110974,0.022287822172983817,-1.319831132888794,-4.185097694396973
440,4.0,0.20304355992969442,0.36752488096702585,17.13338851928711,15.006978988647461
441,10.0,-0.3418244367195635,0.12623101503795447,-3.40240216255188,-6.927868366241455
442,8.0,0.11810894900261816,-0.2494153264504975,-11.750314712524414,11.253339767456055
443,0.0,-0.034665911288329486,0.07825432305815051,4.776933670043945,-5.7813401222229
444,12.0,0.367588277387237,0.18116997339750754,27.014387130737305,9.957076072692871
445,18.0,0.041255474913963676,-0.17305684963865534,-10.256584167480469,5.199319362640381
446,6.0,-0.3768044028120873,0.17140438788576298,-1.0855461359024048,-7.194326400756836
447,4.0,0.10743008755116841,0.034992469055137386,13.246026039123535,-5.405209064483643
448,4.0,-0.10879497743347698,-0.07060008172121628,13.842103958129883,-7.642345905303955
449,8.0,-0.026269583266256023,-0.09880565149424338,-8.179224967956543,2.0521433353424072
450,14.0,0.4856809744549131,0.0733074890089123,27.033519744873047,19.11392593383789
451,14.0,0.5120638850717896,0.25628597423366456,28.501976013183594,17.541662216186523
452,4.0,-0.07162437679509685,-0.11448723520144052,0.5694224238395691,-13.943597793579102
453,6.0,-0.43001629595962726,0.16878414978790277,-18.269001007080078,-23.744604110717773
454,8.0,-0.11987833664796783,-0.07729271637943802,6.6913628578186035,-5.5337090492248535
455,3.0,-0.0985145958625327,-0.07192166345063788,-14.832462310791016,-2.1773362159729004
456,20.0,0.01892523543641821,-0.17659434363985244,8.638893127441406,-12.833630561828613
457,13.0,0.2538028265013189,-0.23586737036428576,-1.620605230331421,17.587907791137695
458,18.0,0.07093902689338923,-0.22236504914636782,-14.062590599060059,9.915526390075684
459,12.0,0.3455337482786045,0.05493805541953605,19.763383865356445,14.142143249511719
460,0.0,-0.4422018949528899,0.18420900470942558,-20.179140090942383,-20.455278396606445
461,0.0,-0.08964849085444881,-0.04495477537348072,-4.177563667297363,3.6697261333465576
462,0.0,0.284228166547524,0.31079515499059984,17.656126022338867,13.649506568908691
463,0.0,-0.10428663121282745,-0.026488880188079874,-7.8333845138549805,0.6255596876144409
464,0.0,-0.13800204868450672,-0.04926055080812156,1.7915657758712769,-2.1096508502960205
465,4.0,-0.0008669204692889717,-0.10597113550101375,3.8237643241882324,-3.1067569255828857
466,0.0,-0.1635463257667793,-0.044264667604850864,-0.24602818489074707,-12.199851989746094
